{"cameraMode":{"drawMode":0,"name":"Shaded","section":"Shading Mode"},"sceneLighting":true,"audioPlay":false,"sceneViewState":{"m_AlwaysRefresh":false,"showFog":true,"showSkybox":true,"showFlares":true,"showImageEffects":true,"showParticleSystems":true,"showVisualEffectGraphs":true,"m_FxEnabled":true},"in2DMode":false,"pivot":{"x":358.68853759765627,"y":49.67229080200195,"z":-332.3096618652344},"rotation":{"x":-0.11344582587480545,"y":-0.001495237578637898,"z":-0.00016885455988813192,"w":0.9935464262962341},"size":1.9897605180740357,"orthographic":false}